Time,V1,V2,V3,V4,V5,V6,V7,V8,V9,V10,V11,V12,V13,V14,V15,V16,V17,V18,V19,V20,V21,V22,V23,V24,V25,V26,V27,V28,Amount,Class
-0.6276545762074798,1.11410704271688,0.18845880845166,0.149144187035816,1.15386806602826,0.224010526176016,0.396246428399056,0.0201678973843558,0.21760313463863,-0.141379059610738,0.0907194018753222,1.4281378560412,0.920897083029618,-0.732305189753582,0.597721267508748,-0.152293306258429,-0.748612522292465,0.227005149272181,-0.791044937176079,-0.559968486495074,-0.255692079544947,0.0656550913849544,0.367010473549299,-0.090953769862657,-0.271464052116374,0.646597318663401,-0.217493047960602,0.0358813333361776,-0.0045533960722822,-0.2922755741127349,0
0.3263366848336779,1.9109406633508,0.686774238862186,-0.595769753998782,3.81738532254517,0.288990548127373,-0.660187094060166,0.365387405029789,-0.261101725885998,-1.22605554557526,1.52747600831658,-0.610363229119014,0.0071613330225192,0.389506512895883,0.361774698004774,-0.34717858833094,0.706662509110355,-0.738410886396598,-0.500213956575255,-1.97300312318947,-0.282780962611306,0.266636015929407,0.805442145951546,0.11418895431728,0.401013454609664,0.0699667763262199,0.108304096151309,-0.0397239475935352,-0.0473378990382288,-0.23465553235908143,0
0.7179688968239053,0.0135136163213128,0.452287015490683,-0.738085789196989,-0.950308901030775,1.40515874788587,-0.423081639716739,1.11508531476054,-0.0739816891688392,-0.349807784849948,-0.362877477393981,-0.163692723863255,-0.0793136075854502,-1.26448118111203,0.71318915386705,-1.53403653423372,-0.148401691717176,-0.630884040797598,0.14363691686868,0.512584774764414,-0.146693991814751,0.152423105447591,0.411430139237417,-0.0179382957304427,0.227643245331166,-0.857710560365796,0.444818156296063,0.136231427325186,0.229042535918998,0.013221990257480854,0
-0.07399924826160496,-1.27338772151571,0.270815021553363,1.25671944202653,1.06465868873998,-1.4015448576811,0.234429721319037,1.19425499392628,0.412955140019148,-0.528986678339496,-1.0385589103847,-0.228716344832515,0.671091102476683,0.493680699181919,0.163058577313643,0.205021359183495,-0.363042109418714,0.27857863978616,-0.464464253285991,-0.794584615338959,0.472001298159947,0.407453894749854,0.673392844063145,0.759377845682464,0.580045867105541,-0.310257845752681,-0.463227269587287,-0.0238993300648693,0.134969893895947,4.217118997912317,0
0.30702640481112575,1.97861477890146,0.114560172636397,-1.32244959439197,0.577585502126867,0.348416503222986,-0.376863073884259,-0.211045674170968,-0.123861325523349,1.62375657905064,-0.637723545010426,2.307536639106,-1.45725923878981,2.06264139368814,0.481386610686936,-1.07202901990144,0.494596097900339,1.04268200678377,0.733343151424512,-0.247938969135658,-0.137539426668878,-0.138924663751475,-0.0311846307236001,0.191190684524317,0.59853009797146,-0.182579491533754,0.389250721373187,-0.0751799866162068,-0.0407643615888877,-0.11064718162839249,0
-0.19795386205600451,1.14820212929985,-0.227179429244311,1.12436021915158,0.674433895743587,-0.861667397068482,0.217010007652518,-0.711790685833933,0.228118706590417,0.662112414569322,-0.0800541448909344,0.707286863022345,1.12888122681772,0.220669694267957,-0.268787306606564,-0.497885349341714,0.446448070298061,-0.555780444902112,0.34329539690137,0.369150224871191,-0.051436616723629,-0.0550634458537994,-0.0053949904903891,-0.0300227512384059,0.0576894659013175,0.272427958826242,0.317857368707768,0.0126252728524767,0.0154923304489587,-0.083785664578984,0
-0.455623942867882,1.01645255668228,-2.15371196537887,0.837395929631759,-0.800527617956356,-1.95371073565968,0.685681502540584,-1.30060144194142,0.0502398926926204,-0.617474641062335,0.865464951724342,-1.95743412911697,0.278337440254562,1.87804675731527,-1.80050442010323,-2.25565665349775,-1.11524920964665,1.02837745236615,-0.365670815272625,0.799141987904564,0.228952851974434,-0.361249658684214,-0.656565757489086,-0.269802186709704,-0.395988009391353,0.43878549871378,-0.18885478818171,0.0613120346932542,0.0648898247105765,3.1732776617954075,0
0.006190095846645367,0.228282042448357,-2.13370693196541,-0.78181305512435,-1.41079309541344,-1.33664914445034,-1.37698344258188,0.813817916738239,-0.370583186006359,1.8875989459889,-1.81179480158629,0.247930681781329,0.607208542074029,-1.40146361567165,0.770296687859988,1.47887324588066,-1.84868671486363,0.857204454895924,-0.595297247850039,0.641631403291547,0.847375918786474,0.365342238079872,0.110645377830756,-0.586252563876357,0.656108289642627,0.630646283864059,-0.715394307784991,-0.0459498889153664,0.103180933250701,7.264718162839249,0
0.9441834241683894,1.96529567237221,-0.534533099524588,-0.531575235594639,0.16674923181707,-0.289978676944292,0.490234379065098,-0.815036968206818,0.225371021957215,0.994236946668418,0.153249263404958,0.372943653730899,0.975878554356283,0.343545004202737,-0.136578795922222,-0.248788559413048,0.606474367909506,-0.87602119029385,0.562542560517977,0.130189772443692,-0.116937948538051,0.189395384243866,0.698899548386306,0.130282218680609,0.283199454911637,-0.24305689794486,0.546938451607968,-0.0253305130209611,-0.0534255610000666,-0.07863604732080723,0
-0.4696485623003195,1.33573674333075,-0.974947295970507,0.186352355811269,-2.1069360985562,-1.51147676733484,-1.23021205730055,-0.663869825094156,-0.0961759416585616,0.205369274759467,-0.0079927588873834,1.24328045325397,0.203066782086903,-1.32696212266558,0.648092155610208,1.0167929812409,-1.81241118505509,0.0163673919830753,2.02961469543437,0.0714571457568489,-0.533503138208004,-0.145239875991627,0.0484196151881669,-0.0827789084133325,0.54144541870321,0.466170042543882,0.13773385156398,0.0098980942722905,0.0079925985270668,0.08796102992345164,0
-0.45639917308776545,-0.312341341163556,1.14536751848608,1.25288722418636,0.595978290028757,0.536276711921301,0.362665575987045,0.644522800858546,-0.227433824458762,-0.384940776207237,0.51989531086467,-0.528906018631238,0.0910181716535307,1.21568002148291,-0.218636955007401,1.99863397511989,-0.640757385042022,0.0028946390736464,-0.477964686652496,1.59233184029897,0.394279409728918,-0.219689135882287,-0.316564015060268,-0.0569141095883282,-0.739251287035761,-0.642294530539597,0.306895083423414,-0.0298295073375723,-0.0202509122882869,-0.26875434933890047,0
0.20636393535049802,2.06016216169511,0.111520849690942,-2.05840340980626,0.544778490144786,0.752569380719809,-1.07041915109641,0.646440832092565,-0.537348490664965,1.68149789268439,-0.388712409275625,-0.05906925697471,-2.34081221709424,1.2680637975413,2.12066256341701,-0.865794141717632,-0.846274149787268,0.576945434027081,-0.19193059899373,0.0043761975613906,-0.228619585390263,-0.0143529412040125,0.321111152168307,-0.0713562785863537,0.646581406248557,0.55235525921345,-0.138676100552535,-0.0923159842915937,-0.069589471098174,0.21405706332637445,0
0.18901522270249954,1.91026654302062,-0.500627894836255,0.246511123105505,0.587932418995435,-1.01941499451914,-0.372658535415961,-0.943036758687758,-0.0478223642491188,2.64494199527491,-0.414231152542102,0.144829876746913,-2.06753324489884,1.96937094739297,1.09497626351557,0.0648474761020241,0.570863945918914,0.148660206171629,0.197046388829327,-0.597285745122331,-0.158346027912079,-0.0912732823133942,0.089201157429089,0.310843079501135,-0.0418248547363761,-0.643254527120593,0.442320192627907,-0.0404016698304516,-0.0392269661290924,0.23660403618649967,0
0.8887309716218756,1.93563100189477,-0.329423658425887,-0.38299539618059,0.232949166690489,-0.345243791011976,0.0713119523207604,-0.587102780199951,0.147746581519846,0.92893522924065,-0.0254380323088555,1.02905477820823,1.46797172635441,0.51676676910473,0.0551721862667451,-0.0135645174432059,0.326620706716733,-0.779376084958824,0.178213718935638,0.139720059578587,-0.155858978348908,-0.119244427464344,-0.241358590588646,0.397703453183563,0.672277296699315,-0.442640995764642,-0.674361026617804,0.0323048565670879,-0.0325140141222665,-0.16715379262352123,0
-0.11266679195639917,1.37147019721648,-1.09462449102807,0.374572856911578,-1.33790388352768,-1.32449391257475,-0.510067520392795,-0.845289121427651,-0.183806914517649,-2.01173105536475,1.34100073806575,-0.0797738806063466,-0.243739417199511,1.51706593913568,-0.471573394958722,0.713297792243245,-0.734870187405813,0.729982887194274,-0.605722434162638,-0.627423064381402,-0.182737738430019,-0.141797711848125,-0.0539221719654494,0.0041320021722004,0.0946680353292377,0.329481470223372,-0.186370308264285,0.0427798809779679,0.0294179767675194,0.6452331245650662,0
-0.22824657019357264,-1.02355851581916,-0.145921267326173,2.94246533042607,1.66465355369236,-0.761089689522395,1.4840079496588,-0.746993299721254,0.693769174451244,0.937310929839081,-0.344849996998224,0.198646552684795,0.560876777943047,-1.43169853842283,-0.70076118486719,-1.52713475467202,-1.03715628960352,0.782576608159936,0.269306296938028,1.28222889821909,-0.102999459597647,0.0912652979271417,0.699726406137075,-0.228165314562202,0.0605128190490557,-0.129781360119252,-0.0929463058694948,0.146231269302354,0.108824927551417,0.6304801670146137,0
-0.3053115015974441,-0.633708501983788,0.436022782528103,2.21384636892483,-0.259665510821594,-0.442641421045823,0.272149775205788,0.521798271524022,-0.200236779127944,0.400349682211813,0.384152811281916,1.49269530438564,-0.340680339584056,-1.6934229644404,-0.075072143316596,0.929780459468348,0.276712544738526,-0.618076318431664,0.291587479355043,-0.329060249845925,-0.141188998374695,0.116856085458849,0.541708746930522,-0.013036034505745,0.204248700427902,-1.01592218989044,0.191791309086144,-0.543184007124287,-0.315525127640143,0.5254001391788449,0
-0.036059951137004324,-1.06215894162605,-1.57480355144014,2.22368023180375,-2.00885288273975,-1.60725955755575,0.165472540141924,-0.272706246137527,0.179919868212598,-1.9390461551073,0.466219853020884,0.540694224163627,0.2465059742116,0.966466913040164,-1.1292577163672,-2.23940278157077,-0.417585335660178,0.393980375860725,0.394759584567738,-0.149472221667047,0.274254840911019,-0.0509509029483394,-0.0867478981501749,0.464986520827497,0.296702911185275,0.0037940929231737,-0.423241045649592,0.0573576346764516,0.130854188209188,2.8690327070285315,0
-0.06719836496899079,1.07542862969496,-0.0532466312721373,0.560102754430859,0.454231854256504,-0.473363472533543,-0.326662194001451,-0.118464466638944,0.102702698728542,-0.111203999747491,0.0336785882300849,1.79593119324727,0.859342538586021,-0.527506382560636,0.618811618041366,0.656992392091848,0.218181493045741,-0.265050814103859,-0.578586264205417,-0.193952150908579,-0.0708353582638532,-0.241104415434726,-0.852313155397276,0.215636457112102,0.191601001774874,-0.0649657484782732,0.0996766406879324,-0.035770728587114,0.0142553184531842,0.3337508698677801,0
-0.14465091148280398,-0.239803477719992,1.0967004668627,0.706662681802897,-0.267207914103197,0.701526811736316,-0.179136140613427,0.686279764555076,0.017080637527826,-0.296131363456027,-0.509779947409576,-1.46740759480645,-0.554667463894254,0.338388100104579,-0.508560583063291,0.998690879617885,0.792064859830992,-0.499082959718045,0.321027327346642,0.436419711037742,0.15734131680411,-0.356193527969659,-0.948675017188589,-0.187333660171825,-1.06883210469417,0.0253482133986456,0.158746350311774,0.243656439724951,0.0839765273566134,-0.253723034098817,0
0.9154176846457432,1.9777998821156,-0.346092549206709,-0.408104291351843,0.156849004330328,-0.548012759942227,-0.349581257447238,-0.588639008919384,0.0927834639751852,1.16934233580694,-0.0399399084104626,0.600393092566754,0.799127943894274,-0.484420838931676,0.358684856160957,0.44704886460671,0.535936409490349,-0.99258335796291,0.677416934962338,0.266746347881569,-0.260098011328859,-0.0941994873524213,-0.191115300981106,0.308339780870771,-0.410130856055009,-0.372942827134376,-0.921938783090484,0.0516552595598402,-0.0414983709299651,-0.2922755741127349,0
0.23949915429430557,2.14190013823,0.161481789236779,-2.33264257587694,-0.0769692246824826,1.06995357650226,-0.869435352671963,0.639596892250149,-0.514531218982243,1.24642721888594,-0.193423542839927,1.16934216197448,-1.71683402343726,1.9686122171837,2.32162311099669,-1.02786333447167,-0.196260919550315,-0.158286825169768,0.512131597000077,0.568533495729555,-0.199121458454744,-0.0067090786028904,0.338623411890201,-0.182937938133474,-1.0288123761645,0.528591903948177,0.243141114421302,-0.117881158474628,-0.102945935051816,-0.09171885873347252,0
0.6297453486186807,-2.02162509751513,-0.592497132054969,1.0082674603504,-2.12885366627407,-0.608588156541316,-0.0548793011174059,0.108480895140379,0.503942518503649,-1.12401655246646,-0.356942157276631,0.231657435161906,0.0678227866966503,0.0685292327120223,-0.224239203207417,-1.62836040470241,1.53457618266369,-0.0296910794069727,-1.19848282002385,0.692043411239201,0.117077094557127,-0.18102067753925,-0.741630563051761,-0.318139512618395,-0.47416307144666,0.45102472210781,-0.519000599763388,0.17386711474333,-0.17346303040772,2.1976339596381353,0
-0.3393394098853599,-2.50930196094055,2.91940203472839,0.0914838417043597,0.403635864957055,-1.51120391912374,1.35180437152924,-4.67602085125193,-10.0788193893106,-1.78591392620887,-2.43344578563792,-0.534402353927528,1.66083168399811,0.673238625716058,1.832149746985,1.43424213196475,0.381085237883218,0.904465299387234,0.0131796024695201,1.1465633513593,2.71121472691729,-4.97705387449795,1.70420819368518,0.921210683338782,0.416745541732037,-0.943657059403266,1.02019968270231,-0.175104305505224,0.225129096873977,-0.2597077244258873,0
-0.30573435444465324,1.17895036430153,0.305022975130094,0.194583806307508,1.0634750055376,-0.235347443200434,-0.873556712661908,0.253437710578644,-0.119991809112306,-0.314889847897455,0.204238593258788,1.39428375202784,0.631812169716459,-0.773723006182688,0.808424983009554,0.13085688284885,0.0859865543004569,-0.499258528836276,0.201799159862778,-0.0682655937786021,-0.164092198788928,0.0344680958159506,0.0532878634795657,-0.0825112867663337,0.527901597468504,0.646545437725838,-0.387409955381822,-0.0060996446367749,0.009136140416135,-0.10688935281837161,0
-0.5495442585980079,-0.748541031736726,0.189924071091651,-0.335151903027766,-0.874584441665615,2.5871816516434,3.4530102187311,0.694690266126091,0.836401583962301,-0.672468353371036,-0.61481443211876,-0.481470637861765,-0.313258620375673,-0.132459806043858,0.36696304283519,0.429800141917708,0.658722526943496,-1.25754529294115,0.538962501305458,-0.71629273988597,0.293795745172231,0.235443646087469,0.20741099361889,0.11276152536936,0.976369166979232,0.140510003385513,-0.49278440627066,0.0826922513106685,0.158840183154811,1.697981906750174,0
-0.2704613794399549,1.21898873464694,0.124189776929628,-0.468356545041345,0.571862260112536,0.791228271115868,0.829559055123964,0.0470836016344014,0.151220068989929,-0.175881936434085,0.125652033697826,-0.0076682930413017,0.427715916777738,0.266300913717173,0.504669847878669,0.594282931702192,0.457954676478446,-1.02947151692802,0.456986438684607,0.201286674214092,-0.0401317762773976,0.0130716896146132,0.0239177122807885,-0.324172383199597,-1.69477156317035,0.805946425915103,-0.21257049613201,0.0185951933953061,-0.0051115926596541,0.19429366736256093,0
0.4894874083818831,2.08336916381446,-0.679428881637762,-1.07316185039162,-0.55903491413252,-0.771394526805819,-0.80776756888858,-0.890395626926134,-0.106955420935944,-0.0443842399279789,0.04604826978314,0.0900858891390106,-0.421633154226517,0.583319341603454,-2.18084065832151,0.348020926266639,1.50907986367666,1.51242386276517,-0.674533717326268,-0.0012199219332776,0.105017270491744,0.277784696560569,0.847161082182345,0.170829873244729,1.00079393859452,-0.184351575399274,-0.144259395623196,0.0275922054158838,0.0026209184547991,0.18023660403618655,0
0.6343497462882917,-0.157940925368623,1.24898768732987,-1.0434803997231,-0.100883910888293,0.14049898201641,-1.12957036849396,1.01825915468239,-0.0173456925549757,-0.295333781801121,-1.14454749459902,-0.683052475730402,0.166905802521414,0.706711546710302,-0.675605348183825,0.600214756191444,0.199339593404534,0.492826394839115,0.703475501490973,-0.143529819675072,-0.194777493832049,0.352877719377159,1.03337222830464,-0.0861679123508997,-0.156483152847656,-0.295438226500359,-0.159005594401305,-0.0981399423857732,0.0140578502243649,0.8803061934585944,0
-0.12978058635594814,1.06732806482919,-0.716626386502309,1.01252512525574,0.261949055820727,-1.24651876510636,0.0535684594064203,-0.801835680542593,0.296767705094238,1.50823869728106,-0.459497569940015,-0.923772221758696,-0.434460371774307,-2.1000444596541,-0.104720076537352,0.181999286294219,-0.309188313300779,0.54257351832525,-0.82451140357744,0.104713560694818,-0.136789062117164,-0.19880835015553,-0.494463618142401,0.0894445774895943,0.10705677324747,-0.0252027332232403,0.973266225819535,-0.0404640930037835,0.0155403760101988,0.5288796102992346,0
0.5320076113512497,-0.315535642991977,1.20584541171312,-0.134722526450775,-0.322822767953137,0.339730794470528,-1.0028289769019,0.724244249405918,0.0484870661763032,-0.522400319545569,-0.601814274310561,-1.0271003047322,0.890726526124427,1.41979509526573,0.251885899170358,-0.392523471390138,-0.236707336369109,-0.210533364864382,-0.722912638744595,0.510805474447304,-0.16257244583654,-0.0631837793057397,-0.193304865823053,0.174159209596963,-0.0681417761386063,-1.19480142577945,0.0877926380417476,-0.0567424441460796,0.175706844990684,-0.27863604732080727,0
0.9583489945498966,2.05307451564921,0.169654159643328,-1.70962907123167,0.5445914737761,0.0992645047520453,-1.5440430656047,0.239145135055455,-0.365730801038303,0.674716607821455,-0.456207834831118,-0.436326426772409,-0.229571110303573,-0.562046578176397,-0.61683738940966,0.95843793781994,0.226228439986933,0.431734704866209,0.565400281653252,-0.432680412000874,-0.239152386857485,0.190756233745806,0.696613204781727,-0.0140853699891887,-0.032581632937293,0.232630161115372,-0.102319240315908,-0.0062994992822591,-0.0319349327274525,-0.23521224773834376,0
0.5965396542003383,-0.809006178719085,0.863993603745488,2.01631208508793,1.11967694138262,0.108256371336528,0.10096435807805,0.55107820134986,0.19586419279275,0.10377185367878,-0.491421392014317,-1.35771869424982,-0.0169214702378009,-0.712976385380525,-0.228449670631714,-0.712758889508,-0.951528058835488,0.455237485231596,-0.619810031412894,1.25124219097051,0.175217683061317,-0.544750491695321,-1.30420326945307,-0.0950901426061661,-0.0978804482369384,0.375939642933512,-0.779289275183792,0.347862186121213,0.144980829712794,0.017118997912317337,0
0.904035895508363,2.11889050791703,-0.171196998590918,-3.53999378117124,-1.07711680567645,2.9608396647008,2.69720159023863,0.161818929814323,0.49736609843459,0.052807806508992,0.0391764704384186,0.137104777205287,0.254052768959694,-0.29738485015299,1.01974427722778,0.794617712964537,-0.716676981392934,-0.335211003296966,-0.667265009913046,-0.0201572471375975,-0.168622018937903,0.145621665419854,0.449316469715292,-0.0022149060035348,0.759931246342561,0.474687581114853,0.261308610648972,-0.0670264238413646,-0.0854291041087363,-0.25344467640918583,0
-0.5877889494455929,-1.01003956929279,0.62720514924137,1.76054212066254,0.150187160929749,0.786547572194442,0.273164451929742,0.657462174131365,0.300102879161636,-0.520364001407546,-0.706486254001933,0.53647899897449,0.428749845087638,-0.958495216041311,0.240301903112679,-1.25210055671134,-0.265558535595971,-0.268837470172734,-0.184158359855289,-0.411942649711338,-0.109152943160774,-0.0029668930422896,-0.0288630353462878,-0.339565650075714,-0.318774017515057,0.676689983155523,-0.387426786006529,0.0356473598066922,0.0476090024041982,-0.019902574808629087,0
0.5004228528472092,-0.175992281354504,-1.4618774014897,0.43961961165073,-2.77046037530139,-0.86987430234105,-0.263059439213476,-0.11720015414563,0.0627540849930124,-1.88639080484955,0.770426416624969,0.0190084243461055,-0.908487627887273,-0.435413801464107,-0.328195576079854,-1.37988425759315,0.0839715463215109,-0.153299328885581,0.694641258715284,-0.640901461136002,-0.0776629304974687,0.0129239514275191,0.0273578984243022,0.336767059276223,-0.543187525292235,-0.0236486200139062,-0.281392441900073,-0.0848637583980028,-0.0579375218961936,2.059846903270703,0
-0.3924544258598008,-1.11119934962177,-0.107909742743666,1.25234692789408,-0.40016930593277,1.12086548101,-1.31619105130141,-0.0113420806353389,-0.193290750205411,-0.290126192869419,-0.336469831514404,-0.718319253591333,0.311859353869352,1.12716284577337,-0.116627983075832,0.793369401291258,0.257792182559363,-0.544953021975621,-0.276064749201995,0.406603815995537,-0.11421390886388,-0.0320503252651384,0.0058685836504887,-0.295526718530087,-0.0003846576714513,-0.483249358556122,0.878187642801157,0.0740620484887216,0.0713534712298176,-0.16701461377870566,0
0.3639118586731817,1.96496825838641,-0.536935606470359,-0.785653033779144,0.221668514813902,-0.243176682802274,0.133520628486543,-0.580755632101347,0.143455124743456,1.51342315578402,-0.154575115368152,-1.63754637505984,-0.439198272358091,-1.10393068332565,0.188220191763738,0.946390364336042,0.434319311237944,-0.688644267229759,0.154102418936608,0.127966305706309,-0.193851055012167,-0.220220787307847,-0.656701951537308,0.312642329080793,-0.0562399483726543,-0.389199086390731,-0.608862378696244,0.0169014515642625,-0.0279626544715574,0.2922755741127349,0
0.6850333583912799,2.17246806363097,-0.485277516187856,-1.86936976565963,-0.352243364877681,0.154439448495977,-0.777226744883198,0.175423685604182,-0.442110655494316,-0.882668438249046,0.868001540036402,-1.01467528523531,0.567514922308312,1.31412165097498,0.0513984687029489,-0.655032644395311,-2.16722335160985,0.126072392539161,0.359116576862672,-0.590253520850997,-0.500025197168687,-0.344420197304302,-0.327967513063921,0.119411101833301,0.659278594962554,0.179506679514527,0.579297369841699,-0.0733839435238161,-0.0626846044835232,0.08350730688935283,0
0.9139964292426236,-0.772335662034763,-0.448467283526886,0.0103407049974199,-0.647727295336758,-0.251590188068071,-0.440782532830174,2.575091962431,-0.389534027233676,-0.34227913253455,-0.698629737301699,0.466175907511384,-0.592172472130071,-2.3947741424171,0.7092489481833,-1.25965289971071,0.154423170656656,-0.743881598536893,0.125780776863477,-0.44426551911251,0.535617693727884,0.116063406442886,-0.271007430456919,0.633728859783001,-0.0122911834281616,0.277037134092478,0.0789879926978954,-0.373190828167326,-0.215636448839052,4.916492693110648,0
0.04994361962037211,-0.833841491767573,0.685430216979612,1.03068275600287,-0.712114673499513,-0.214928839969508,-0.0903919937407256,0.0332648741558109,0.427742431381488,0.991844816956182,-0.652382777292292,-1.61529236143839,-0.787709491173005,-1.58794721738913,0.0575065488097472,0.255467029995774,0.18198220696704,-0.489106876150816,0.664752735905552,-0.388991843451156,-0.128590468766581,0.269609799537904,0.949914731132379,-0.224960267283276,0.719864235743832,-0.193383605118008,-0.258269575435562,0.0004047231626039,-0.051326780172867,-0.0953375086986778,0
0.7835933095282842,2.05685675848346,-0.178262839257602,-1.12949456861999,0.408246543739796,-0.222065877619652,-1.12703280124062,0.0595283605624454,-0.213145118609293,0.788798697125297,0.112152065057619,-1.02846331532288,-0.421671424779853,-1.53891537990617,0.597593590324314,0.269365691868052,-0.0676246244641092,-0.165213211920816,-0.737838402721668,0.111608734741125,-0.331264225805159,-0.306432713773515,-0.820507729837873,0.357408472662028,-0.12789538988866,-0.358635574403602,0.210811129623753,-0.0782209963548429,-0.0646396685075648,-0.27863604732080727,0
0.3786529787633903,-1.08128655772582,0.206611686049102,1.85702415816238,-1.06461313673864,-0.0556805111153277,0.425374703354938,0.260630619420738,0.334158007011301,0.385023312592951,-0.930748454388867,0.417769958234787,-0.125897124825926,-1.52729420365107,0.110405396053363,-0.173742415279901,0.279252201696993,-0.595274453284922,0.897422590448227,0.158497733991286,-0.15852093633717,0.214277195330451,0.63244460220979,-0.224743798050829,0.709107358785293,0.591533124879513,0.206440359292203,-0.0609793017663779,0.020336004848474,0.41085594989561597,0
-0.12201653824469084,1.11873154378194,0.0927297974680228,0.0644285077120617,1.10271222944055,0.350964411307597,0.641345921700559,0.0468112945199076,0.128168776722957,-0.0401623891132434,0.006465818954995,0.563654148258798,1.38478779809216,0.756587197463078,0.056631731870489,-0.820964535714977,-0.32043720860071,-0.333337132590249,-0.308052142823876,0.21747414352893,-0.0351350073072261,-0.0755425052276148,-0.044680073627001,-0.215332373302323,-0.776217757573245,0.759193578625513,-0.284525842459127,0.0344014814459598,0.0046807607802757,0.2556715379262352,0
0.9117529599699304,1.83745221014873,-0.661450790365615,-0.379244480307841,0.317711857534532,-0.554484292996028,0.23620032282335,-0.725713705249525,0.169681933627796,0.923118766280668,0.123628364150528,0.84222640312847,1.25071267701669,0.480685597320615,-0.138988249134989,-0.301389771245485,0.461952980911509,-0.711069949300807,0.388690421720308,-0.0689288394012535,-0.0198907801400015,0.253092595754643,0.779680261262474,0.144593292806238,0.775546562193251,-0.318201557745421,0.511067825879077,-0.0324943198241035,-0.0395978096033713,0.5983298538622129,0
-0.18840443525653072,1.06924150730575,0.306364833931533,1.0450560578884,2.80248481077136,-0.615552640424626,-0.390802119637194,-0.0364364435227856,0.0041955691505346,-0.206346247091217,0.527658055833598,-0.702100265732464,-0.057603135937942,-0.80765618773413,0.0488314309802184,-0.581816204281351,0.215196443501037,-0.0814342308441672,-0.700213254468133,-0.711554013438408,-0.160360560978809,-0.256926235878632,-0.735320169696541,0.106217663987471,0.663375617001032,0.297890306487126,-0.200996118300069,-0.0007644541716054,0.0339364704772493,0.1988865692414753,0
0.6259749107310656,2.06041271848472,0.0435552129129387,-1.06569084170583,0.378228569524756,0.0491570719975593,-1.05515683684124,0.264282228948293,-0.385187670127052,0.329872078873481,0.0234369471681194,-0.511499641381974,1.19054457062098,1.49241666549907,-0.0058597722335852,-0.0633237008829397,-0.209915030130534,-0.338464324318281,-1.10990288496593,0.0913619751197181,-0.138442494703657,-0.271996424991777,-0.571874313091514,0.321630223511479,-0.0449321828434864,-0.255811298621723,0.200726098748823,-0.0582732617353747,-0.0582492196238051,-0.2882393876130828,0
1.03068032324751,1.51024413198528,-0.406969559759729,-0.225328468259652,3.70660492195777,-0.03094282797469,1.28737152628089,-0.473425418318852,0.34999772386932,-0.473491861233171,1.45810591385753,-0.166676237409945,0.150957218932383,-0.180464251314741,-0.0122528792021073,-1.15110594645405,1.58747478235993,-1.32963506729957,0.788721293759081,-1.32817868372414,0.125669714751335,0.296366173553515,0.468725372785998,-0.0014325617095652,0.256293122975163,-0.265943701017495,-0.0158190403454533,-0.0293503427977503,-0.0074024783278983,2.3151009046624917,0
0.5062605713211802,2.10567325143461,-0.147957803633717,-1.9372483225438,0.204846609423792,0.448437211640262,-0.853037559841079,0.373440729515299,-0.294237045942617,0.57403388945239,0.115803293475822,-1.35885672660164,-0.394880614451926,-1.16672511476016,0.597194867706127,-0.246505363575088,-0.39118717326701,-0.12871603859051,-0.598368714484632,0.367172916882856,-0.243438877129764,-0.072576189278912,-0.109336594030496,0.0848105605118362,0.509822806788839,0.172372596299395,0.660518961180291,-0.12004534013741,-0.0752527576021231,-0.0954766875434934,0
0.817057414019921,2.11703134358746,-0.04715382055389,-1.37285679190219,0.236403116379564,0.248643830451765,-0.777115612541215,0.186789985767956,-0.302724507715968,0.550301661219941,0.066460073781707,-1.36546763184183,0.34096190799222,0.478712783266086,0.173784377412075,0.0638366366464176,0.10073222401926,-0.577658194779671,-0.659181162360161,0.427907366505199,-0.183541951323079,-0.335944587180281,-0.813972221416401,0.244565078595704,-0.70808827871851,-0.188147282704253,0.241707400223792,-0.0697159462203046,-0.0670955346808659,-0.2924147529575505,0
-0.5687253335839128,-0.0481826114808997,-2.99319747598599,0.409125484303738,-0.188311500034997,-1.34615433430534,2.24174464219226,-0.770081049381858,0.651367336072998,-0.190000823557792,0.0840370098629372,1.82948213829843,0.766230432867394,-0.157919058564412,-0.431828613906372,-0.197923433989671,-0.243609050066351,1.67043809415834,-2.84882464538162,-0.536739253966814,1.13558869114272,0.535293651121399,0.461545355236533,-0.405504481985608,-0.949793710349921,-0.186717468108703,-0.196853244594139,0.0071298221932968,0.10459041409749,8.186917188587335,0
0.9562112384890058,2.07440460208857,-0.0366567727359624,-1.12126154197609,0.379161258271058,-0.0529700929316896,-1.12496727041407,0.194397195634159,-0.337007338152541,0.520705476570293,0.0678711266126917,-0.838128692947408,0.498896591824982,0.294691779634228,0.225598919780166,0.0282083746881615,-0.0718954243689212,-0.353436041116595,-0.846815303265559,0.200601427656252,-0.208137504447423,-0.29709834613003,-0.709048877400958,0.320228564218938,-0.104801341538834,-0.271465491379444,0.20448300639881,-0.0694345143100396,-0.0611330456232996,-0.2924147529575505,0
-0.08945686900958466,-1.94583182945026,1.57263529901245,0.886831041159335,1.12938417685352,-0.757482705470082,0.241190048404106,0.0019382180218244,0.62340462665661,0.2981712197266,0.17333271373946,-1.0742584124743,-0.162951276409576,-1.10798200396692,0.221922511815439,0.0939182846943264,-0.916447221850371,0.790140416555944,-0.455710681300151,0.4434910141032,-0.289232971681065,0.105112052408276,0.35556532658397,-0.138024464107983,0.0768083134634441,0.0559156240234121,-0.262361477041048,-0.7980178121421,-0.164965798733889,0.25038274182324294,0
0.5843826348430746,1.82203080956528,-2.19368450010139,-1.10798013969424,-1.72361254299193,-0.870338778860871,1.2596646354185,-1.39827781914446,0.369529372485232,-1.20510311971551,1.5261185323059,0.663524493143903,-0.28482182274132,-0.0140652221533633,-0.169922033174482,0.110721455741112,-0.889288727820051,0.821840681046954,-0.542025432823339,-0.811536543611587,-0.185152042852538,0.0449541472805261,0.327994541288055,0.109100820712837,-1.65553641976691,-0.522611643662374,-0.0807137432943283,0.0365399938448317,-0.0430389656525525,2.282533054975644,0
0.3886017665852283,-0.395914671091951,1.93146213646022,0.00807202406883,3.08508440056953,0.893982884771975,-0.110179882898883,1.09690526631178,0.183943341294021,-2.18121406445945,0.79626973190354,-1.05321246734804,0.35375333850106,1.13644901990036,0.386245702507042,-1.43664176850063,0.365698216275587,-0.435029866720246,-0.760904373291077,-1.17644079141115,-0.251465242761565,0.116163665118553,0.201311302081747,0.245644537564584,1.12965352206324,-1.13002074552042,-0.377556396694118,-0.0111906399102658,0.209992168938035,0.10730688935281839,0
-0.07177927081375682,1.10057766756489,0.345897674453769,1.06043796526033,2.25288018783992,-0.167261776161243,0.700250626410643,-0.473614543475155,0.346246478907694,-0.640265400709237,0.782045381799979,1.03824679419994,0.470198857292575,-0.143673037653257,0.307250723583653,0.413120577451921,1.04622552953459,-0.861528591379656,0.0927206231708464,-1.06864399687036,-0.171858687441603,-0.0251161993846016,-0.126030770852877,0.0831717839022317,-0.361283091921054,0.135037375595584,-0.112693374518956,0.0296323216558555,0.0178191148150321,-0.3061934585942937,0
0.2790946250704755,-0.579788940643472,0.773830111354963,2.05118412594004,-0.288916964660168,0.0369839120796062,0.261038188234776,0.164724256926031,0.224951484094101,1.36888053758097,-1.15255497622882,1.28907034048625,-2.79334059250618,0.0721001415029907,1.95250877924951,0.119270194279705,0.139386369107324,0.151463800016854,1.28147811304166,0.914031612028809,-0.094678353090018,-0.245422886129917,-0.525566097494762,-0.295348255625312,-0.614083406716232,0.2456997861587,-0.683961756643293,0.0717423251517349,0.0584351994129453,-0.1755045233124565,0
-0.005497087013719226,1.23639359392399,0.281542367081315,0.183125996598513,0.500934780413425,-0.166856834101536,-0.561391756278972,-0.0349540926893745,-0.0254446039694141,-0.177823489857434,-0.108269685443236,1.30408788691692,0.720344080020048,0.0246738902246275,-0.0760565452281979,0.437139196978705,0.780555629580015,-0.367383705966942,0.326634691191955,0.218069824971552,-0.0696783588791935,-0.2597518341613,-0.793378247813252,0.0775684309198204,-0.047269234190552,0.224547993896619,0.0982229825405849,-0.0285098412439715,0.0169170415114814,-0.27863604732080727,0
-0.40064132681826725,-1.50346494566295,0.140382477654051,1.93397529317136,-0.795620346777528,0.365793748192053,0.843594569956122,-0.244788627170417,0.661378938893201,0.59103057419363,-0.256056102653696,-0.240485174961623,-0.592230195063319,-1.75852381759862,-0.0497793152478346,-0.0198856650224296,0.790067201796559,-0.836066548307487,0.751060363334949,-0.332376458581135,0.0396323576796982,0.0173273658454685,0.321632497782688,-0.102614325388185,-1.16125487050169,0.530019697220503,0.621789145196331,0.417827723793313,0.135186084580627,-0.16701461377870566,0
0.5981723360270625,-0.25637384934585,0.67813071741583,-0.281417651980906,-0.348397930013872,1.32140517177283,-1.0189668436868,1.0537232337634,-0.296898735051729,-0.153032954775625,-0.487755964844463,0.92622552928663,0.0269309973598044,-0.405774188221439,-0.862616446762431,0.0873800781452175,0.220708589584934,0.0882925059991125,1.3925918164838,0.279359403911521,0.256838131859662,0.295276265752653,1.1073485144301,-0.227445900895338,-0.416395055898571,-0.421190310250005,-0.171365697046996,0.288778119266009,0.0788626349066908,0.06569241475295753,0
0.8266773162939297,2.08552076504348,-0.96878404674847,-1.35657402292609,-0.246017639913189,-0.447358202732426,-0.30116266821667,-0.498936994655254,-0.210903914827724,-0.144907305864343,0.908168347922763,-2.14475032471648,-0.49236161756752,0.336222094501809,-0.0764551598109409,0.159357922708367,-1.21877808954563,-0.512297020041486,1.67799970149328,-0.699607229104394,-0.464678833561383,-0.0639579147020552,0.363771104655037,-0.131580736099109,-0.963128224771645,0.143600498177481,0.677722051733308,-0.0314364547750993,-0.0555296974870367,0.7469728601252611,0
0.9141608720165383,1.98672399092195,-0.452524284560642,-2.60485548591684,-0.624396027900237,2.34481276083112,3.30050493520808,-0.499787794131187,0.764069177634948,0.292223824101229,0.19555141973609,0.0684797906824951,0.194388817141616,-0.083755047744023,0.591323739631586,1.11211594196778,0.0657924906936338,-0.634279770832055,-0.349360430990712,-0.455718344330005,-0.0761021247771919,0.158334264012106,0.375574571444737,0.122992445884092,0.744319806717085,0.0060876217749373,0.40307413364842,-0.0457592684552007,-0.0617732248070191,0.1940153096729297,0
0.7831822025934975,1.90349034513064,-0.315469839572021,-0.792787778014591,1.48633753415235,-0.129689469242987,0.101050728417974,-0.230484042199538,0.153517109270099,1.10679241753101,0.195786788501481,-0.261663598317554,0.538724652560933,-1.82993360658597,0.242139377113829,-2.2198132517768,-0.539280544087215,-0.0606791989772188,-0.201469077417313,0.644181710817513,-0.367603169002921,-0.312579866112066,-0.624367714644409,0.196134503315755,-0.468696641150815,0.0023412524661936,-0.809420340675195,0.0261899667687302,-0.0586105471915247,-0.04940848990953377,0
0.38624083818831045,1.92781527569054,-1.26595166344424,-0.723437440716209,-0.425535474467711,-1.00701046028442,-0.156454702396341,-0.830355319857529,0.0110830042311348,0.115295283647093,0.778379216732816,-1.45417421862683,-0.542749058575022,-0.464642946899624,-0.0235328044457672,0.548200163472009,-0.917292226498578,-0.317951077714898,1.11526517415922,-0.698748524943317,-0.388159452078227,-0.593329045983576,-1.47854770730168,0.434029114127807,0.395993285981494,-0.77246365826186,0.208229156027684,-0.046468524728868,-0.0171321686989745,1.3903966597077246,0
0.7480619244502913,-3.96479781158594,-4.40886870223397,0.930037893035249,-1.02593060331838,1.76750763840123,-1.37773531249289,0.512905077709678,0.135778153956165,0.418749785055709,-1.93307675538928,-0.99911839702617,0.66757030007947,0.763036583265048,-0.213681241658452,-0.280003056500592,-0.0429265030611368,-0.362597027707392,-0.510999469808249,0.0275338741285736,2.101055451786,0.17992989244784,-1.43708681748071,1.83975625980216,0.535045029437051,0.684586449185034,0.194085797419902,-0.354953897841375,0.159782562301334,7.94989561586639,0
0.3674591242247698,-0.738619317716099,1.41608438274495,1.62034188589571,4.31611273954956,-0.272492863921872,1.20662559895311,-0.226512472877023,0.870661448122143,-1.9028301947911,1.44046330263617,-0.00779902223641,-0.448994442067007,-0.685818244391887,0.641733963359791,0.274944316509972,0.643002984823544,-0.100221740331805,0.915277858821714,1.55716289066684,0.325852494303359,-0.0701085654395984,-0.368862427948941,0.174734452658441,-0.425586708917646,-0.687673832394162,0.098268071338457,0.296315045800065,0.145939797286449,0.5146833681280445,0
0.9081822025934975,1.94695494199438,0.0653342866939424,-1.89550831528565,0.379242672307283,0.423602352507981,-0.919540608192993,0.24145511550563,-0.238973169928298,0.276625050687599,-0.385626619598661,1.21270008328141,0.880541624180841,0.407980189652728,-0.728139788714406,0.236167772502059,0.454233538082023,0.138848280559327,1.0131141848149,-0.122960827926927,-0.074163999230625,0.256439085081592,0.81564573694354,-0.110737612815946,-0.453885232447797,0.25148860536754,-0.101333819438064,-0.0072463994303197,-0.0346419911427379,0.32693110647181634,0
0.7293037023115956,2.16434287686502,-0.88666227562214,-1.30113932516153,-0.949567629875161,-0.764159622711212,-1.13033663693852,-0.556158380587711,-0.151672346023528,-0.488348708606974,1.10063040821828,0.85057342078722,-0.975643903531569,-1.95710759623542,0.645650804325451,-0.108413407409026,1.08986830100685,0.102755603365533,-0.673083383747328,0.622344637219435,-0.161862572164832,0.473007366498898,1.25704561028559,0.0151457305656277,0.0234030455400221,0.0777597328623532,0.0557952249258873,-0.0531550190933456,-0.0796802122240556,-0.09742519137091163,0
-0.08965654952076678,-0.406568532586372,0.997393614460677,1.63563241196505,0.483179716294377,0.176311212957826,-0.882882832392114,0.589757165612461,-0.129003142802908,-0.789458750658327,-0.6158951747646,-0.0082424635850036,0.228567552270727,0.870337534263138,-0.493452262546903,1.26189177799135,0.102425845530263,0.250083859355371,-0.137543558836011,0.629206648220472,0.166617708676579,-0.22985288589756,-0.707568598287707,-0.106155014936832,0.365526900069771,0.140644955280979,0.228734270111471,-0.0327094731329851,0.0009975869486428,-0.27863604732080727,0
0.7417073858297313,-10.9055562749187,-15.583552433287,-2.52271163185899,4.38082323999805,10.6357230930186,-8.30026873058536,-7.14243054104196,1.35301243445864,1.07405878553298,-0.566781465129755,0.173290990000574,1.0952128316645,-0.797694356844742,0.147459497816942,-0.0063853077430521,0.0681056862422201,1.59999413731664,1.60382832005763,1.0697642728621,4.43133369113296,1.49172586830019,-1.17600033674826,0.407451489816283,-0.491346330219036,-2.27511495609567,-0.418009576174721,0.524592425712377,-2.07207660112328,1.028114126652749,0
-0.32192022176282653,1.08519702961555,-0.146566842354285,1.23174890440878,1.72146648053537,-0.705844730254721,0.591679563655294,-0.533725276305898,0.281239436996565,1.24566334157119,-0.416409873374874,-1.09889349166111,1.00508164853803,-0.227060257845867,-0.75103649126495,-1.70948732358078,-1.14978334273591,0.772861984633192,-1.36051364320699,0.174491613805324,-0.212924430470292,-0.416669797839986,-0.71330095078646,0.0861679034328662,0.0698236160835336,0.427805495724869,-0.508977895399689,0.0922250617496074,0.0282159989096318,-0.19902574808629092,0
-0.14252490133433565,-1.0328470319184,-0.687500686087688,1.68056835149855,-2.27827922213026,-1.71190265447496,-0.662416049580376,-0.822389243767241,0.54035500295533,-2.51152372768675,0.649392640105999,0.821315202952206,-0.766413622596285,-0.459387920976436,0.0917602406503186,-0.412903632437942,0.294529818069139,0.192234752328589,1.02443812774253,-0.722381473758899,-0.243920351254535,0.192511246477504,0.449597798857414,0.0628032481222656,0.484299003556546,-0.084086742381429,-0.278100416870889,-0.0332395929494886,-0.000251072109783,0.8977035490605428,0
0.43940283781244127,2.07072377159279,-0.21451120162129,-1.17250915690991,0.403397530731034,-0.269150690265912,-1.18198258262418,0.0321101798447717,-0.200269807189875,0.885708781334979,0.13823450497985,-1.24934347699343,-0.783529780128813,-2.11651642595416,0.705718511511552,0.292903159090962,0.0413483090702794,-0.215609577842832,-0.55076453643778,0.216565909979473,-0.360620070234905,-0.324223550442043,-0.907058285411439,0.348299717763164,-0.170772165888709,-0.353419503387828,0.212458141847171,-0.08538538185518,-0.0661395475705912,-0.27863604732080727,0
-0.39939626010148466,1.20118837046517,0.297330295805017,0.139223249436948,1.07840485172118,-0.341233647339185,-0.784354495924917,-0.036682414825462,-0.132625539485235,0.497291358736094,-0.792652346564108,-0.277809224811372,0.520852888677346,0.430492601355475,-1.68471994503394,-0.30056723621833,0.0757679894503395,1.10053395372739,-0.0385556732022849,-0.0213535761903577,-0.0347974984811753,-0.173586793669103,-0.228307556470616,-0.101993175839443,0.353968145576965,0.568179260917803,0.408851877929167,0.0052993803211203,0.0444440517832232,-0.1348643006263048,0
-0.701266209359143,0.751236446711554,-0.539208614586253,0.404965552128089,1.54114284833557,-0.64111916986412,-0.352339242449911,0.0393568225097073,-0.116439313305909,1.68167428673703,-0.417574481623115,-0.14280357521009,-3.34535726483871,0.106571375993572,2.03655869527784,0.653194214218895,0.647623898085917,0.0955520160553499,0.502249168570567,-0.507206149381621,0.246388671410207,-0.241699882139343,-1.12214780450882,-0.13843808093654,-0.26187979362197,0.182266618747952,-0.636015745740218,-0.0514006369652017,0.0638985034708714,3.3124565066109954,0
0.8722279646682954,0.861943758083095,-0.419736002296989,0.342298915882799,-0.983897463455353,-0.58034860985799,-0.109798522742933,-1.203869768158,-0.819187983674385,-0.361403363566159,0.599833159656142,-1.02358679470326,-0.787812610463051,0.0176203296689854,-0.288810474686992,0.503476640486003,0.876697382764351,0.40716121545646,-0.915287060258766,1.19141143591134,-0.0019925736526809,1.13058407743958,0.766616118729613,-0.387299027282723,0.725288522878621,-0.119084049216703,0.0069721838299383,0.318880439295426,0.342629543914742,-0.02853166318719556,0
0.8801916932907349,-0.417379173256304,0.701994414868933,1.54120786674368,-0.313006238008023,-0.0367672991795641,-0.247325177025647,0.353685253259625,0.0294871812703264,0.420951840245694,-0.69828008017162,-0.933246336425268,0.769725030015104,1.3807419021544,-0.546331540331289,0.259076832772777,-0.266491962550947,-0.434066603177507,0.187587494251583,0.0912574357324991,0.172104859942477,0.254949281761339,1.10754361106922,-0.248229501139991,-0.0180571852402787,-0.163820188500464,-0.150807870947468,0.45468351248133,0.238001948166106,-0.12540013917884482,0
0.9676047735388085,-4.72878225743674,-4.48812307504495,-4.20273952859417,1.7454580338059,2.10736246633586,-2.63172000978839,2.7324800795967,-0.445206547790194,-0.501754083422437,-1.1548587812346,1.40567523939026,0.272161306991224,-0.149421199817455,-1.13579634275622,-0.330436111214048,-0.025914536954722,1.54936433952181,1.63009211059279,0.964540777342729,-0.754701427618711,0.0989433402610451,2.10217584097898,4.79942949210002,-0.131553450003046,0.141395421948796,-0.232150120506598,1.27157069244719,-0.283191434485644,7.835768963117607,0
0.5674097913925954,1.57065256848113,-1.58375388628828,-1.12044850795674,-0.388291853337901,-1.15011118018401,-1.03840777565276,-0.0441198976863889,-0.321185744966758,-0.244527028847695,0.556129520801449,-0.743793316390667,-0.0411548268936572,-0.0243721560534819,0.394506378160062,0.977673088225125,-1.30359536377927,-0.212551016843994,0.711257786838036,-0.800882613696377,-0.0503406008834089,-0.615552010502937,-1.98066083673761,0.349290178146346,-0.125742107023474,-0.836879495046862,-0.562662153196112,-0.0541556063323928,0.014145020282784,3.916910229645094,0
-0.5775582597256155,-1.903808644382,-0.75377933488449,1.20758253896703,0.334181567946989,1.17493368291331,-0.602481725390789,1.01953778283502,-0.0346773402680489,-0.670699929034766,-0.840180846406316,-1.47547272840467,-0.328560376314089,0.395414909219089,0.148592413800322,0.459087838844433,0.592820944290316,-1.05199872130382,0.442058962449672,-0.654332256115201,0.763076432038275,0.301158439342715,0.0474685015227022,0.253886577595935,-0.607248156293011,0.972496165235543,-0.313824659371463,-0.0927910779060285,0.0954667512641177,3.1732776617954075,0
-0.20093732381131366,-1.77939081680494,0.133443787163407,-0.261226258956004,-0.803604726431127,-0.281886049092493,-0.197152440650956,0.475943342186093,0.106128259876528,-1.88296187723464,0.340261656767946,1.43743576277174,-0.532284977577815,-0.114515289914931,-0.575969578700923,0.382831416130485,0.906023760236294,1.39415059875369,-0.679993193970815,1.4854037103572,-0.65632196353401,0.180619425536486,1.01708495356076,0.223793600680333,-0.30460436845379,0.282657584308181,0.0530633191716333,-0.160008718055166,-0.171987199312872,1.5725817675713294,0
-0.36312488254087577,1.15367205298733,-0.0800134752872024,0.747532565083831,0.832254987886158,-0.734765228432419,-0.38278097582443,-0.26313904666531,0.0524875776028672,0.396002745487194,-0.0459212914062723,1.06407548332323,1.12198248529117,-0.393443236788943,0.0469259781010792,-1.07032573567971,-0.189295716681442,-0.0844754354311248,-0.112197721845683,0.399695388090994,-0.120888056769902,-0.0427192848781109,0.061117681856036,-0.0588859370974516,0.586833227021967,0.483325072246513,0.381336910531165,-0.0196719965849281,0.0045568644121882,-0.1348643006263048,0
-0.7623566998684458,1.3764956274392,-0.507091966998334,0.525152538234459,-0.44057335467598,-0.825996073186285,-0.261646840240516,-0.763723053477628,-0.0724092988664197,0.626323943564177,0.29400522622094,1.73508365913986,-2.33710343450169,1.51077842312106,1.17298617107817,-1.88706153450275,0.846157955704257,1.05047164335551,-0.875757000231121,1.150121129382,0.0152399180365106,-0.143422226457797,-0.114925602668556,-0.0722143130690296,-0.0221201265100624,0.543261763462359,-0.279941000448539,-0.0180993353748599,-0.006879204516531,-0.16701461377870566,0
0.3509796090960346,-0.231527770148432,1.10727787477867,-0.158876162471121,-0.839939154792844,0.715737422381243,-0.699406724422137,0.989216435767471,-0.191154056971706,0.247872438388293,0.0040184018952552,-1.55140782188765,-0.0464772337972866,0.248383690688494,-0.0595321599497194,-0.338889898950136,0.0865122969305418,-0.703253929290784,-0.54005815954239,0.170814845248789,0.107072642128417,-0.319995577815162,-0.723869627542237,-0.0106285511736545,-0.724658279941219,-0.346736445158865,0.175960619264539,0.214385582030762,0.149328715112727,-0.26903270702853166,0
-0.32950808118774666,1.15646373478513,-1.36698128330619,0.861193154342897,-2.07019546254699,-1.89744656877194,-0.35177508459912,-1.26492968619364,0.253095034474979,0.593769875576235,-0.0907999085284294,1.43779501796809,0.217156374738591,-1.36892345106025,0.405094975181431,1.72286693451418,-1.55516819740111,0.076700804954247,1.88073738062216,-0.500037178697813,-0.464809583290003,-0.139783468861258,-0.0421313439053828,0.0593815781484111,0.2007623962558,-0.0148200366770965,0.0645789230052297,0.0520347411258612,0.029362551000389,0.7100904662491301,0
0.9862220447284346,-1.15602349570723,1.79183191805967,0.0170368519235275,4.45459821519482,0.229603105823462,0.89859962942927,-0.297427855125213,1.0942342193832,-1.9956098764087,1.65398778663353,-0.426227643617891,0.148364197939672,-0.0876071825304371,0.862061649370219,-0.956877708136957,-0.150877144270029,0.43079403198528,0.62501940364217,1.70457167724266,0.179770410531121,0.222564475395524,0.757899500748541,-0.221339570334742,-0.521069725172837,-0.428855886607401,0.505739857625907,0.389387524079289,0.100636027787784,0.027835768963117607,0
0.573235763954144,1.84689714141859,0.171582557792951,-0.0964297428636284,3.65356183577769,-0.0223228718223298,0.697965685467155,-0.558093101199586,0.28463499013341,-0.515315355195981,1.60985370950892,-0.122855691935827,-0.194075550107952,-0.868230028215006,0.227891997219326,-0.985125645916712,1.44309006317772,-1.22807303278423,0.790794927863544,-1.45961924357466,-0.311659184142798,0.341757970951867,1.01157187119488,0.0312672210159909,-0.49112106387913,-0.0852951938940918,0.195439975116252,-0.0044744362872547,-0.0528490886829703,-0.13917884481558804,0
-0.19649736891561737,-0.465559995647086,0.796409336739416,1.17177200772651,-0.681446925385901,0.82552318385313,-0.105615760181272,0.759335151001766,0.0274349973389625,-0.460763308060785,-0.755311706372136,-0.945474927696594,0.164774834717475,0.794691685477667,-0.0031166871128009,0.581770618599758,0.388469743243022,-0.754540470072187,-0.67283173811463,-0.746987523307774,-0.0739230782730516,-0.147924278597991,-0.468917936721068,-0.027587458241813,-0.772046806417821,-0.480416584298981,-0.04881022186104,0.102333288647214,0.140120390617097,-0.18107167710508004,0
0.9037774854350686,2.07095077712646,-1.86283345603899,-1.41047752907387,-1.52246527745363,-1.18029040989163,-0.424917558131145,-0.971983808534812,-0.128224873122081,-1.01199508948118,1.56017222383906,-1.53735265386248,-1.77380690377705,-1.12679022852771,-0.0553992054680077,0.0637712061942767,-0.513636086612089,0.549072708663479,0.15970232277491,-0.124261983952551,-0.248255248134245,-0.0730494323234005,-0.0768495322926631,0.0937797132277875,0.368949355379011,-0.158988929047107,-0.11725532102963,-0.0308524608750619,-0.030451231686583,1.7409881697981908,0
-0.009737361398233415,1.33657900427098,0.309439164491416,-0.382248608374391,0.164311932878215,0.59118555055633,0.25730514133633,-0.0066777801650352,0.0146895644619337,-0.213778727825895,-0.131439415822828,0.204910781477902,0.722352491723607,1.1380858913758,-0.332870766662494,0.443661397137762,1.14642811530808,-0.9240936605971,0.674869424777847,0.738072296638604,0.0298051099618861,-0.341873404638922,-0.978665363237619,-0.104661657799981,-1.42032756335063,0.440342289960403,0.181870844364827,-0.0245248337127095,0.0045200968345686,-0.2882393876130828,0
-0.5092557789889118,-0.0689425128690787,0.321132398146682,0.691854947298144,-1.38127814820496,-0.0860342196279132,-1.0197109029183,0.545519323117387,-0.217868397298601,-1.49573688188722,0.276053546888403,-1.08523828828157,-1.87562694025748,-1.32263425861684,0.268877930548204,0.40257005614187,0.834212362398568,0.329078623250292,-1.08688852005144,0.998307252653384,0.0445874108285778,0.21915175616548,0.467626745869792,-0.345863805601447,-0.118591679147495,0.349585412674515,-0.0897915333087139,0.0126445606110677,0.0329906238693279,-0.13917884481558804,0
0.930381977071979,-0.926568630197129,1.48568220161311,-0.589838383733505,-0.721919188695275,0.78485536915025,-0.836547107058149,0.707711324527183,0.179314690062324,-0.503186194844501,-0.97991414004752,0.778784617708652,0.560414943257652,0.159757303870336,-0.461525178703451,-0.222953166069397,0.468944785923567,0.127331390486111,1.16659040645245,-0.18215170512398,-0.276368641162248,0.42993104623638,1.05268576660735,-0.348056229872047,-0.451275372618309,-0.107233154599471,-0.209827904675035,-0.347859137127653,0.113243710915,-0.284481558803062,0
-0.8345705694418343,-1.53810733469515,-0.167043540393451,1.24629321247773,0.478197987858024,0.359718840552843,-0.320977362169721,0.341666593917743,-0.0755124981545037,1.51532096136657,-0.367462641004976,1.24747464438076,-2.69656578876919,-0.167243621353046,1.64241654410165,-1.59727932225546,-0.0057070030374297,0.420021018493054,0.536807692218506,0.723085742079672,-0.75166749020259,-0.387893398349741,-0.312866139397455,0.618225612978581,-0.0720969673983056,-0.340914887717508,0.135258901446434,-0.0970504869367482,0.0745751413852987,0.30215727209464166,0
-0.09419047171584288,1.19216313462619,0.338580393259984,0.421319015127378,0.716533826628151,-0.316888650629672,-0.782784937461207,0.0343505839525041,-0.102276798505789,-0.0372306138526614,-0.335345779986004,0.495575492721307,0.581399772522667,0.438225963973223,-0.297419310644922,1.29022105861405,0.0774577176524704,0.374873672397148,-0.889990867620242,-0.681133092730477,-0.106350124408184,-0.23579536492093,-0.631416220641733,0.196426841801385,0.367922648433638,0.109944187215701,0.103052783499039,-0.0041024798942545,0.0311778646857418,-0.29380654140570633,0
0.42854961473407255,-1.71949761189956,-0.630720828242799,0.526935467548819,-2.45137034796259,0.291320272409382,-0.10716132089809,-0.0923529145518859,0.749755802763188,0.665539085324178,-1.55864596845996,0.0146749494399468,0.98587623843507,0.224232358348283,0.0502423010510302,-1.03969264499451,0.870424228167473,-1.07915699619349,0.675887390936385,-0.728551114159604,0.35195177913975,0.392904030157973,0.684355189685183,0.0320299683428069,0.285277923698947,-0.0812044606924486,0.500594966041422,0.169501420296025,0.0088087573088202,1.3917884481558804,0
-0.29885124976508176,-0.0406869756561164,0.195893028642637,1.82675313496962,-0.885504358669767,-0.887854855151277,-0.653286859811252,-0.238961443653161,-0.0841658132861307,-1.25312577891405,0.377381210051821,-0.34512326451512,-0.695414492364647,0.755465634198319,-0.478086977268842,1.03423832013182,0.9571077757158,0.330790467597789,-0.830671906025016,1.1223014837261,0.231587343304822,0.430703248677769,1.23826680819502,-0.157482825317492,0.450925027834408,-0.478394844343904,-0.112723245513147,0.191525825151899,0.165766536473322,-0.25748086290883787,0
0.8004252020296937,-2.59555198416349,-0.774256160086137,-2.744315663316,-0.251625468991632,-0.743121620432386,-0.613205067199378,2.76888620676431,0.0694547905461535,-1.23531339238434,-0.860196185382694,0.1722175917067,0.229246663375749,-0.722895272229745,1.58837939385373,-1.09447872119156,0.10997400607046,-0.241222223672406,0.168268077071528,0.218993208016529,-0.232390727157886,0.297120130396806,0.717184330123869,-0.613073360296419,-0.164178361614812,0.921578195428254,1.03847820730331,0.243216085099395,-0.74735714399926,8.231176061238692,0
-0.7470282841571133,1.22951442533437,-0.211044864941797,1.05793276095239,-0.520570789269405,-1.07318539750826,-0.754903045501561,-0.595140612068907,-0.163352769035683,2.98056332008297,-1.47961049946205,0.649943501122377,-1.32792620536926,2.42272763376268,1.1247608979456,0.445827895569549,-0.509026831765801,0.540966846033517,0.362301035271645,0.343586197342002,-0.0942630301750094,-0.146788804794139,0.0897469589418423,-0.0432764764843141,0.371561668788084,0.500847712927715,-0.729113820981262,0.0702403290901607,0.0325411432238321,-0.14126652748782187,0
-0.15962694982146214,1.14283329908417,-0.444216476748836,-1.94672587122937,-0.986160168864277,2.20928870971673,2.88592712697573,0.013660256215819,0.572904355734104,-0.288142701585954,-0.0766104909875101,-0.0171266212202501,-0.0292127024952707,-0.0448736818096642,0.65446565584828,0.966056304298595,0.251592967245221,-0.652674875269715,-0.217392865694423,0.453056326204878,0.292580176991391,-0.0280707626832142,-0.485850938235035,-0.227946834011952,1.09113969620744,0.664129269599893,1.07288387442253,-0.134531151087341,0.0052891842488395,1.489213639526792,0
-0.32053420409697425,-0.704502896248879,0.364218420537579,1.08261327218911,0.647312333956254,1.01724725858314,0.148168386006012,0.486041727497776,0.0719410548585503,-0.91017072525179,-0.139409661230875,0.26916664781118,0.691766854512534,1.17500136852659,0.204417121415734,0.403263032542823,0.231592371854114,-0.930337826023546,1.05963953143665,1.09193928004456,0.383565504611252,0.287313767163144,0.660729604062288,-0.203495521356005,-0.801930298585033,0.186355202554348,-0.167945117302307,0.116221232063747,0.133993224821758,0.602366040361865,0
